CaseID ;Title                                                            ;Location                                                   ;City                                         ;State                ;Latitude           ;Longitude    ;Number of Victim Fatalities ;Total Number of Fatalities ;Number of Victims Injured ;Total_Number_of_Victims
77.0   ;Radisson Bay Harbor Inn                                          ;Tampa, Florida                                             ;Tampa                                        ;Florida              ;27.99601861        ;-82.44503769 ;5.0                         ;5.0                        ;3.0                       ;8.0
104.0  ;Mojave High School Bus                                           ;Las Vegas, Nevada                                          ;Las Vegas                                    ;Nevada               ;36.18931923        ;-115.3264875 ;0.0                         ;0.0                        ;6.0                       ;6.0
237.0  ;Oakland, Maine                                                   ;Oakland, Maine                                             ;Oakland                                      ;Maine                ;44.54994725        ;-69.70782299 ;3.0                         ;4.0                        ;0.0                       ;3.0
260.0  ;Sherman, Texas                                                   ;Sherman, Texas                                             ;Sherman                                      ;Texas                ;33.635661999999996 ;-96.60888    ;3.0                         ;4.0                        ;0.0                       ;3.0
221.0  ;River Forest                                                     ;River Forest, Illinois                                     ;River Forest                                 ;Illinois             ;41.89499946        ;-87.81941392 ;1.0                         ;2.0                        ;3.0                       ;4.0
42.0   ;Dearborn Post Office                                             ;Dearborn, Michigan                                         ;Dearborn                                     ;Michigan             ;42.31269522        ;-83.21293244 ;1.0                         ;2.0                        ;2.0                       ;3.0
109.0  ;South Mountain Community College                                 ;Phoenix, Arizona                                           ;Phoenix                                      ;Arizona              ;33.57145875        ;-112.0904854 ;0.0                         ;0.0                        ;3.0                       ;3.0
219.0  ;Miami Gardens                                                    ;Miami Gardens, Florida                                     ;Miami Gardens                                ;Florida              ;25.94326707        ;-80.24253243 ;0.0                         ;0.0                        ;4.0                       ;4.0
39.0   ;Schuyler County Office Building                                  ;Watkins Glen, New York                                     ;Watkins Glen                                 ;New York             ;42.38013875        ;-76.86724659 ;4.0                         ;5.0                        ;0.0                       ;4.0
134.0  ;Accent Signage Systems in Minneapolis                            ;Minneapolis, Minnesota                                     ;Minneapolis                                  ;Minnesota            ;44.96358722        ;-93.26783687 ;6.0                         ;7.0                        ;2.0                       ;8.0
291.0  ;Roswell, GA Hookah shootout                                      ;Roswell, Georgia                                           ;Roswell                                      ;Georgia              ;34.023243          ;-84.361556   ;0.0                         ;0.0                        ;4.0                       ;4.0
5.0    ;Olean High School                                                ;Olean, New York                                            ;Olean                                        ;New York             ;42.08185369        ;-78.43213922 ;3.0                         ;3.0                        ;7.0                       ;10.0
107.0  ;Northern Illinois University                                     ;DeKalb, Illinois                                           ;DeKalb                                       ;Illinois             ;41.93172129        ;-88.74814853 ;5.0                         ;6.0                        ;17.0                      ;22.0
27.0   ;Oakland Elementary School                                        ;Greenwood, South Carolina                                  ;Greenwood                                    ;South Carolina       ;34.1928952         ;-82.15355508 ;2.0                         ;2.0                        ;9.0                       ;11.0
302.0  ;Louisville, KY Family Murder-Suicide                             ;Louisville, Kentucky                                       ;Louisville                                   ;Kentucky             ;38.252665          ;-85.758456   ;3.0                         ;4.0                        ;0.0                       ;3.0
96.0   ;Trolley Square                                                   ;Salt Lake City, Utah                                       ;Salt Lake City                               ;Utah                 ;40.77787404        ;-111.9312168 ;5.0                         ;6.0                        ;4.0                       ;9.0
294.0  ;Wilkinsburg BBQ cookout shootout                                 ;Wilkinsburg, Pennsylvania                                  ;Wilkinsburg                                  ;Pennsylvania         ;40.441736          ;-79.881994   ;5.0                         ;5.0                        ;3.0                       ;8.0
36.0   ;Royal Oak Post Office                                            ;Royal Oak, Michigan                                        ;Royal Oak                                    ;Michigan             ;42.50840203        ;-83.15387427 ;4.0                         ;5.0                        ;5.0                       ;9.0
252.0  ;Hesston, Kansas                                                  ;Hesston, Kansas                                            ;Hesston                                      ;Kansas               ;38.1368            ;-97.4268     ;3.0                         ;4.0                        ;14.0                      ;17.0
190.0  ;Charlotte                                                        ;Charlotte, North Carolina                                  ;Charlotte                                    ;North Carolina       ;35.226354          ;-80.836788   ;3.0                         ;3.0                        ;0.0                       ;3.0
12.0   ;Wah Mee Club in Seattle                                          ;Seattle, Washington                                        ;Seattle                                      ;Washington           ;47.621995749999996 ;-122.323646  ;13.0                        ;13.0                       ;1.0                       ;14.0
150.0  ;Sparks Middle School                                             ;Sparks, Nevada                                             ;Sparks                                       ;Nevada               ;39.54058388        ;-119.748291  ;1.0                         ;2.0                        ;2.0                       ;3.0
142.0  ;Ladera Ranch, Santa Ana, Tustin and Orange                       ;Ladera Ranch, California                                   ;Ladera Ranch                                 ;California           ;33.54961059        ;-117.6415707 ;3.0                         ;4.0                        ;3.0                       ;6.0
80.0   ;Santana High School                                              ;Santee, San Diego, California                              ;San Diego                                    ;California           ;32.86357277        ;-117.1281628 ;2.0                         ;2.0                        ;13.0                      ;15.0
119.0  ;Hartford Beer Distributors                                       ;Manchester, Connecticut                                    ;Manchester                                   ;Connecticut          ;41.78013821        ;-72.51918655 ;8.0                         ;9.0                        ;2.0                       ;10.0
289.0  ;Wichita Nightclub shooting                                       ;Wichita, Kansas                                            ;Wichita                                      ;Kansas               ;37.687176          ;-97.330053   ;0.0                         ;0.0                        ;4.0                       ;4.0
137.0  ;Clackamas Town Center                                            ;Happy Valley, Oregon                                       ;Happy Valley                                 ;Oregon               ;45.44853107        ;-122.5440133 ;2.0                         ;3.0                        ;1.0                       ;3.0
216.0  ;Boom Boom Room                                                   ;Morven, North Carolina                                     ;Morven                                       ;North Carolina       ;34.86379864        ;-79.9996781  ;0.0                         ;0.0                        ;4.0                       ;4.0
272.0  ;Caroline County, VA Family Murder Suicide                        ;Caroline, Virginia                                         ;Caroline                                     ;Virginia             ;38.044556          ;-77.286488   ;1.0                         ;2.0                        ;2.0                       ;3.0
10.0   ;Valley High School                                               ;Las Vegas, Nevada                                          ;Las Vegas                                    ;Nevada               ;36.18931923        ;-115.3264875 ;1.0                         ;1.0                        ;2.0                       ;3.0
61.0   ;R.E. Phelon Company                                              ;Aiken, South Carolina                                      ;Aiken                                        ;South Carolina       ;33.47524551        ;-81.72595949 ;4.0                         ;4.0                        ;3.0                       ;7.0
23.0   ;Pinellas Park High School                                        ;Pinellas Park, Florida                                     ;Pinellas Park                                ;Florida              ;27.84887061        ;-82.71058    ;1.0                         ;1.0                        ;2.0                       ;3.0
283.0  ;Missouri Highway shooting                                        ;Hazelwood, Missouri                                        ;Hazelwood                                    ;Missouri             ;38.77144           ;-90.370949   ;1.0                         ;1.0                        ;3.0                       ;4.0
141.0  ;Los Angeles Police Department                                    ;Irvine, California                                         ;Irvine                                       ;California           ;33.67803464        ;-117.773628  ;4.0                         ;4.0                        ;2.0                       ;7.0
276.0  ;Los Angeles, CA street shooting                                  ;Los Angeles, California                                    ;Los Angeles                                  ;California           ;34.052234          ;-118.243685  ;1.0                         ;1.0                        ;3.0                       ;4.0
181.0  ;Chapel Hill                                                      ;Chapel Hill, North Carolina                                ;Chapel Hill                                  ;North Carolina       ;35.92681467        ;-79.03850407 ;3.0                         ;3.0                        ;0.0                       ;3.0
266.0  ;Wilmington, DE robbery                                           ;Wilmington, Delaware                                       ;Wilmington                                   ;Delaware             ;39.739072          ;-75.539788   ;0.0                         ;1.0                        ;4.0                       ;5.0
30.0   ;Orange Glenn Post Office                                         ;Escondido, California                                      ;Escondido                                    ;California           ;33.13439925        ;-117.0722528 ;3.0                         ;4.0                        ;1.0                       ;4.0
156.0  ;Centennial Hill Bar & Grill                                      ;Montgomery, Alabama                                        ;Montgomery                                   ;Alabama              ;32.34729571        ;-86.26730242 ;3.0                         ;3.0                        ;5.0                       ;8.0
184.0  ;Tyrone                                                           ;Tyrone, Missouri                                           ;Tyrone                                       ;Missouri             ;37.204442          ;-91.876583   ;7.0                         ;8.0                        ;1.0                       ;8.0
138.0  ;Sandy Hook Elementary School                                     ;Newtown, Connecticut                                       ;Newtown                                      ;Connecticut          ;41.41190846        ;-73.31196267 ;27.0                        ;28.0                       ;2.0                       ;29.0
194.0  ;Brookhaven                                                       ;Brookhaven, Mississippi                                    ;Brookhaven                                   ;Mississippi          ;31.58036482        ;-90.44323475 ;2.0                         ;2.0                        ;3.0                       ;5.0
271.0  ;Chesapeake, VA Family Murder Suicide                             ;Chesapeake, Virginia                                       ;Chesapeake                                   ;Virginia             ;36.768209          ;-76.287493   ;5.0                         ;6.0                        ;0.0                       ;5.0
210.0  ;Tucson                                                           ;Tucson, Arizona                                            ;Tucson                                       ;Arizona              ;32.15358905        ;-110.9677647 ;4.0                         ;5.0                        ;0.0                       ;4.0
124.0  ;Carson City IHOP                                                 ;Carson City, Nevada                                        ;Carson City                                  ;Nevada               ;39.16464203        ;-119.7763025 ;4.0                         ;5.0                        ;7.0                       ;11.0
196.0  ;Mesa                                                             ;Mesa, Arizona                                              ;Mesa                                         ;Arizona              ;33.42268696        ;-111.8163202 ;1.0                         ;1.0                        ;5.0                       ;6.0
213.0  ;Conyers                                                          ;Conyers, Georgia                                           ;Conyers                                      ;Georgia              ;33.66086267        ;-84.02688527 ;2.0                         ;3.0                        ;2.0                       ;4.0
281.0  ;Florida Hookah Bar Shooting                                      ;Tampa, Florida                                             ;Tampa                                        ;Florida              ;27.950575          ;-82.457178   ;1.0                         ;1.0                        ;3.0                       ;4.0
313.0  ;Tire-Slashing revenge escalation                                 ;Baltimore, Maryland                                        ;Baltimore                                    ;Maryland             ;39.290385          ;-76.612189   ;0.0                         ;0.0                        ;4.0                       ;4.0
253.0  ;Belfair, Washington                                              ;Belfair, Washington                                        ;Belfair                                      ;Washington           ;47.5033            ;-122.931     ;4.0                         ;5.0                        ;0.0                       ;4.0
300.0  ;Wetumpka Drive-by                                                ;Wetumpka, Alabama                                          ;Wetumpka                                     ;Alabama              ;32.543745          ;-86.211913   ;2.0                         ;2.0                        ;2.0                       ;4.0
227.0  ;Virginia WDBJ live TV interview shooting                         ;Roanoke, Virginia                                          ;Roanoke                                      ;Virginia             ;37.27823366        ;-79.95816104 ;2.0                         ;3.0                        ;1.0                       ;3.0
28.0   ;New Orleans Downtown Post Office                                 ;New Orleans, Louisiana                                     ;New Orleans                                  ;Louisiana            ;30.0687242         ;-89.93147412 ;0.0                         ;0.0                        ;4.0                       ;4.0
75.0   ;Xerox Office Building                                            ;Honolulu, Hawaii                                           ;Honolulu                                     ;Hawaii               ;21.309106          ;-157.844998  ;7.0                         ;7.0                        ;0.0                       ;7.0
208.0  ;Fox Cities Trestle Trail bridge over Little Lake Butte des Morts ;Menasha, Wisconsin                                         ;Menasha                                      ;Wisconsin            ;44.20455909        ;-88.4484585  ;3.0                         ;4.0                        ;1.0                       ;4.0
293.0  ;Kansas City Home Invasion                                        ;Kansas City, Kansas                                        ;Kansas City                                  ;Kansas               ;39.114053          ;-94.627464   ;4.0                         ;4.0                        ;0.0                       ;4.0
267.0  ;Gloucester County, VA, House Party                               ;Ware Neck, Virginia                                        ;Ware Neck                                    ;Virginia             ;37.40264           ;-76.458559   ;1.0                         ;1.0                        ;3.0                       ;4.0
233.0  ;King, North Carolina                                             ;King, North Carolina                                       ;King                                         ;North Carolina       ;36.27617912        ;-80.35501402 ;3.0                         ;4.0                        ;0.0                       ;3.0
258.0  ;Plantation, Florida                                              ;Plantation, Florida                                        ;Plantation                                   ;Florida              ;26.127586          ;-80.233104   ;1.0                         ;1.0                        ;4.0                       ;5.0
89.0   ;Red Lake High School                                             ;Red Lake, Minnesota                                        ;Red Lake                                     ;Minnesota            ;47.87067289        ;-95.00529009 ;9.0                         ;10.0                       ;5.0                       ;14.0
168.0  ;Massachusetts Abortion Clinic                                    ;Brookline, Massachusetts                                   ;Brookline                                    ;Massachusetts        ;42.32427392        ;-71.14080012 ;2.0                         ;2.0                        ;5.0                       ;7.0
223.0  ;Suwanee                                                          ;Suwanee, Georgia                                           ;Suwanee                                      ;Georgia              ;34.05057545        ;-84.06872262 ;3.0                         ;4.0                        ;1.0                       ;4.0
15.0   ;Ianni's Club in Dallas                                           ;Dallas, Texas                                              ;Dallas                                       ;Texas                ;32.79480596        ;-96.76631094 ;6.0                         ;6.0                        ;1.0                       ;7.0
188.0  ;Clarkesville                                                     ;Clarkesville, Georgia                                      ;Clarkesville                                 ;Georgia              ;34.61025711        ;-83.52918091 ;2.0                         ;3.0                        ;2.0                       ;4.0
286.0  ;Belfair, WA Family murder-suicide                                ;Belfair, Washington                                        ;Belfair                                      ;Washington           ;47.451459          ;-122.826946  ;4.0                         ;5.0                        ;0.0                       ;4.0
46.0   ;Central Middle School                                            ;Sheridan, Wyoming                                          ;Sheridan                                     ;Wyoming              ;44.79051074        ;-106.9599165 ;0.0                         ;1.0                        ;4.0                       ;4.0
147.0  ;Ross Township Supervisor Council Meeting                         ;Salisbury , Pennsylvania                                   ;Salisbury                                    ;Pennsylvania         ;39.75344279        ;-79.08435956 ;3.0                         ;3.0                        ;3.0                       ;6.0
310.0  ;Chicago Rap video Shootout                                       ;Chicago, Illinois                                          ;Chicago                                      ;Illinois             ;41.878114          ;-87.629798   ;1.0                         ;1.0                        ;4.0                       ;5.0
57.0   ;Frontier Junior High School                                      ;Moses Lake, Washington                                     ;Moses Lake                                   ;Washington           ;47.12189424        ;-119.2750699 ;3.0                         ;3.0                        ;1.0                       ;4.0
162.0  ;Nellis Plaza                                                     ;Las Vegas, Nevada                                          ;Las Vegas                                    ;Nevada               ;36.18931923        ;-115.3264875 ;3.0                         ;5.0                        ;0.0                       ;3.0
7.0    ;Cal State Fullerton                                              ;Fullerton, California                                      ;Fullerton                                    ;California           ;33.88404244        ;-117.92785   ;7.0                         ;7.0                        ;2.0                       ;9.0
229.0  ;Clearbrook (Greenwood), Minnesota                                ;Clearbrook (Greenwood), Minnesota                          ;Clearbrook                                   ;Minnesota            ;47.69618799        ;-95.42844094 ;4.0                         ;5.0                        ;0.0                       ;4.0
122.0  ;Southern Union State Community College                           ;Opelika, Alabama                                           ;Opelika                                      ;Alabama              ;32.66240106        ;-85.37706931 ;1.0                         ;1.0                        ;3.0                       ;4.0
316.0  ;Ferguson, MO Drive by                                            ;Ferguson, Missouri                                         ;Ferguson                                     ;Missouri             ;38.744217          ;-90.305391   ;0.0                         ;0.0                        ;4.0                       ;4.0
154.0  ;Mohawk and Herkimer Villages in New York                         ;Mohawk, New York                                           ;Mohawk                                       ;New York             ;43.0104011         ;-75.0075119  ;4.0                         ;5.0                        ;2.0                       ;6.0
244.0  ;Colorado Springs, Colorado                                       ;Colorado Springs, Colorado                                 ;Colorado Springs                             ;Colorado             ;38.86730659        ;-104.7572279 ;3.0                         ;3.0                        ;9.0                       ;12.0
278.0  ;Nightclub fight turns into shootout                              ;Rochester , New York                                       ;Rochester                                    ;New York             ;43.16103           ;-77.610922   ;1.0                         ;1.0                        ;7.0                       ;8.0
309.0  ;Long Beach Street murder                                         ;Long Beach, California                                     ;Long Beach                                   ;California           ;33.77005           ;-118.193739  ;1.0                         ;0.0                        ;3.0                       ;4.0
51.0   ;Fairchild Air Force Base Hospital                                ;Fairchild Air Force Base, Washington                       ;Fairchild Air Force Base                     ;Washington           ;47.618456          ;-117.644099  ;4.0                         ;5.0                        ;23.0                      ;27.0
232.0  ;Northern Arizona University at Flagstaff Campus                  ;Flagstaff, Arizona                                         ;Flagstaff                                    ;Arizona              ;35.1725658         ;-111.6585435 ;1.0                         ;1.0                        ;3.0                       ;4.0
37.0   ;Lindhurst High School                                            ;Olivehurst, California                                     ;Olivehurst                                   ;California           ;39.08174985        ;-121.5549539 ;4.0                         ;4.0                        ;10.0                      ;14.0
123.0  ;Residences in Grand Rapids                                       ;Grand Rapids, Michigan                                     ;Grand Rapids                                 ;Michigan             ;42.96920434        ;-85.66008902 ;7.0                         ;8.0                        ;2.0                       ;9.0
103.0  ;Youth With A Mission and New Life Church                         ;Arvada, Colorado                                           ;Arvada                                       ;Colorado             ;39.81087474        ;-105.173715  ;4.0                         ;5.0                        ;5.0                       ;9.0
304.0  ;Greenhill, AL Family murder-suicide                              ;Greenhill, Alabama                                         ;Greenhill                                    ;Alabama              ;34.759257          ;-86.602493   ;1.0                         ;2.0                        ;2.0                       ;3.0
115.0  ;Immigration Services Center in Binghamton                        ;Binghamton, New York                                       ;Binghamton                                   ;New York             ;42.10140103        ;-75.90922294 ;13.0                        ;14.0                       ;4.0                       ;17.0
169.0  ;Pennsburg, Souderton, Lansdale, Harleysville                     ;Pennsburg, Souderton, Lansdale, Harleysville, Pennsylvania ;Pennsburg, Souderton, Lansdale, Harleysville ;Pennsylvania         ;40.39359306        ;-75.49640881 ;6.0                         ;7.0                        ;1.0                       ;7.0
126.0  ;Su Jung Health Sauna                                             ;Norcross, Georgia                                          ;Norcross                                     ;Georgia              ;33.94104379        ;-84.20985979 ;4.0                         ;5.0                        ;0.0                       ;4.0
149.0  ;Washington Navy Yard                                             ;Washington D.C.                                            ;Washington                                   ;District of Columbia ;38.90480894        ;-77.01629717 ;12.0                        ;13.0                       ;3.0                       ;15.0
111.0  ;Covina, California                                               ;Covina, California                                         ;Covina                                       ;California           ;34.09026669        ;-117.8819958 ;9.0                         ;10.0                       ;2.0                       ;11.0
60.0   ;Bethel Regional High School                                      ;Bethel, Alaska                                             ;Bethel                                       ;Alaska               ;60.79053882        ;-161.7927517 ;2.0                         ;2.0                        ;2.0                       ;4.0
170.0  ;Memphis                                                          ;Memphis, Tennessee                                         ;Memphis                                      ;Tennessee            ;35.10528976        ;-89.97734924 ;0.0                         ;0.0                        ;5.0                       ;5.0
224.0  ;Grand 16 Theatre, Louisiana                                      ;Lafayette, Louisiana                                       ;Lafayette                                    ;Louisiana            ;30.21233538        ;-92.0316453  ;2.0                         ;3.0                        ;9.0                       ;11.0
144.0  ;Village of Manchester in Illinois                                ;Manchester, Illinois                                       ;Manchester                                   ;Illinois             ;39.54231335        ;-90.33029852 ;6.0                         ;7.0                        ;1.0                       ;7.0
299.0  ;Atlanta Nightclub shooting                                       ;Atlanta, Georgia                                           ;Atlanta                                      ;Georgia              ;33.748995          ;-84.387982   ;0.0                         ;0.0                        ;4.0                       ;4.0
26.0   ;Comet Auto Parts and Montefiore School                           ;Chicago, Illinois                                          ;Chicago                                      ;Illinois             ;41.83928045        ;-87.68818145 ;4.0                         ;5.0                        ;2.0                       ;6.0
183.0  ;Moon Lake                                                        ;New Port Richey, Florida                                   ;New Port Richey                              ;Florida              ;28.24653304        ;-82.71690259 ;3.0                         ;3.0                        ;1.0                       ;4.0
255.0  ;Chelsea, Massachusetts                                           ;Chelsea, Massachusetts                                     ;Chelsea                                      ;Massachusetts        ;42.391764          ;-71.032828   ;1.0                         ;1.0                        ;6.0                       ;7.0
222.0  ;Amnicola Training Center, Chattanooga                            ;Chattanooga, Tennessee                                     ;Chattanooga                                  ;Tennessee            ;35.09318123        ;-85.23676751 ;4.0                         ;5.0                        ;3.0                       ;7.0
130.0  ;Cafe in Seattle                                                  ;Seattle, Washington                                        ;Seattle                                      ;Washington           ;47.621995749999996 ;-122.323646  ;5.0                         ;6.0                        ;1.0                       ;6.0
56.0   ;Richland High School                                             ;Lynnville, Tennessee                                       ;Lynnville                                    ;Tennessee            ;35.37810374        ;-87.00610559 ;2.0                         ;2.0                        ;1.0                       ;3.0
14.0   ;49th Street Elementary School                                    ;Los Angeles, California                                    ;Los Angeles                                  ;California           ;34.17622092        ;-118.5399542 ;2.0                         ;3.0                        ;12.0                      ;14.0
234.0  ;Hill Haven Event Center (Formerly Club CJ's)                     ;Greenville, Georgia                                        ;Greenville                                   ;Georgia              ;33.02912644        ;-84.7143335  ;0.0                         ;0.0                        ;10.0                      ;10.0
200.0  ;Daytona Beach                                                    ;Daytona Beach, Florida                                     ;Daytona Beach                                ;Florida              ;29.19313443        ;-81.10173014 ;0.0                         ;0.0                        ;4.0                       ;4.0
231.0  ;Umpqua Community College                                         ;Roseburg, Oregon                                           ;Roseburg                                     ;Oregon               ;43.22205555        ;-123.3522367 ;9.0                         ;10.0                       ;7.0                       ;16.0
197.0  ;Little Water                                                     ;Little Water, New Mexico                                   ;Little Water                                 ;New Mexico           ;36.44329           ;-108.723281  ;1.0                         ;2.0                        ;2.0                       ;3.0
95.0   ;West Nickel Mines Amish School                                   ;Nickel Mines, Lancaster, Pennsylvania                      ;Lancaster                                    ;Pennsylvania         ;40.04214385        ;-76.30100872 ;5.0                         ;6.0                        ;5.0                       ;10.0
277.0  ;Texas teen commits family murder suicide                         ;Uvalde, Texas                                              ;Uvalde                                       ;Texas                ;29.209684          ;-99.786168   ;3.0                         ;4.0                        ;0.0                       ;3.0
243.0  ;Minneapolis, Minnesota                                           ;Minneapolis, Minnesota                                     ;Minneapolis                                  ;Minnesota            ;44.96358722        ;-93.26783687 ;0.0                         ;0.0                        ;5.0                       ;5.0
205.0  ;Gates Pub                                                        ;Gates, New York                                            ;Gates                                        ;New York             ;43.15693027        ;-77.69300856 ;1.0                         ;1.0                        ;6.0                       ;7.0
192.0  ;Tarboro                                                          ;Tarboro, North Carolina                                    ;Tarboro                                      ;North Carolina       ;35.90434471        ;-77.55639964 ;3.0                         ;4.0                        ;0.0                       ;3.0
148.0  ;Oklahoma City Residence                                          ;Oklahoma City, Oklahoma                                    ;Oklahoma City                                ;Oklahoma             ;35.46779189        ;-97.5191631  ;4.0                         ;4.0                        ;0.0                       ;4.0
64.0   ;Milwaukee Post Office                                            ;Milwaukee, Wisconsin                                       ;Milwaukee                                    ;Wisconsin            ;43.06420322        ;-87.96724385 ;1.0                         ;2.0                        ;2.0                       ;3.0
191.0  ;Birmingham's Washington Park                                     ;Birmingham, Alabama                                        ;Birmingham                                   ;Alabama              ;33.5282865         ;-86.79550448 ;1.0                         ;1.0                        ;2.0                       ;3.0
8.0    ;Grover Cleveland Elementary School                               ;San Diego, California                                      ;San Diego                                    ;California           ;32.86357277        ;-117.1281628 ;2.0                         ;2.0                        ;9.0                       ;11.0
118.0  ;University of Alabama in Huntsville                              ;Huntsville, Alabama                                        ;Huntsville                                   ;Alabama              ;34.72827538        ;-86.6723055  ;3.0                         ;0.0                        ;3.0                       ;6.0
54.0   ;Montclair Post Office                                            ;Montclair, New Jersey                                      ;Montclair                                    ;New Jersey           ;40.826184          ;-74.20862    ;4.0                         ;4.0                        ;1.0                       ;5.0
82.0   ;University of Arizona College of Nursing                         ;Tucson, Arizona                                            ;Tucson                                       ;Arizona              ;32.15358905        ;-110.9677647 ;3.0                         ;4.0                        ;0.0                       ;3.0
2.0    ;Rose-Mar College of Beauty                                       ;Mesa, Arizona                                              ;Mesa                                         ;Arizona              ;33.42268696        ;-111.8163202 ;5.0                         ;5.0                        ;1.0                       ;6.0
301.0  ;Spring Break Party shooting                                      ;Plantation, Florida                                        ;Plantation                                   ;Florida              ;26.127586          ;-80.233104   ;1.0                         ;1.0                        ;4.0                       ;5.0
250.0  ;Kalamazoo, Michigan                                              ;Kalamazoo, Michigan                                        ;Kalamazoo                                    ;Michigan             ;42.2354            ;-85.676      ;6.0                         ;6.0                        ;2.0                       ;8.0
207.0  ;Milwaukee                                                        ;Milwaukee, Wisconsin                                       ;Milwaukee                                    ;Wisconsin            ;43.06420322        ;-87.96724385 ;2.0                         ;2.0                        ;3.0                       ;5.0
139.0  ;South Valley Residence                                           ;South Valley, Albuquerque, New Mexico                      ;Albuquerque                                  ;New Mexico           ;35.15290522        ;-106.7791378 ;5.0                         ;5.0                        ;0.0                       ;5.0
99.0   ;Apartment in Crandon, Wisconsin                                  ;Crandon, Wisconsin                                         ;Crandon                                      ;Wisconsin            ;45.56871416        ;-88.89729022 ;6.0                         ;7.0                        ;1.0                       ;7.0
275.0  ;Tampa, FL Strip club shooting                                    ;Tampa, Florida                                             ;Tampa                                        ;Florida              ;27.950575          ;-82.457178   ;2.0                         ;2.0                        ;6.0                       ;8.0
21.0   ;Fergus County High School                                        ;Lewistown, Montana                                         ;Lewistown                                    ;Montana              ;47.03740653        ;-109.4844918 ;1.0                         ;1.0                        ;3.0                       ;4.0
98.0   ;Virginia Tech  Campus                                            ;Blacksburg, Virginia                                       ;Blacksburg                                   ;Virginia             ;37.22995471        ;-80.42768677 ;32.0                        ;33.0                       ;17.0                      ;49.0
177.0  ;Queens                                                           ;New York City, New York                                    ;New York City                                ;New York             ;40.68996411        ;-73.8720502  ;3.0                         ;4.0                        ;1.0                       ;4.0
74.0   ;Wedgwood Baptist Church                                          ;Fort Worth, Texas                                          ;Fort Worth                                   ;Texas                ;32.74802142        ;-97.31305148 ;7.0                         ;8.0                        ;7.0                       ;14.0
315.0  ;Forestville, Maryland Drive-by                                   ;Forestville, Maryland                                      ;Forestville                                  ;Maryland             ;38.845113          ;-76.874972   ;1.0                         ;1.0                        ;4.0                       ;5.0
53.0   ;Downtown Chapel Hill                                             ;Chapel Hill, North Carolina                                ;Chapel Hill                                  ;North Carolina       ;35.92681467        ;-79.03850407 ;2.0                         ;2.0                        ;2.0                       ;4.0
151.0  ;St. Aloysius Church                                              ;Spokane, Washington                                        ;Spokane                                      ;Washington           ;47.67367375        ;-117.4159843 ;1.0                         ;2.0                        ;4.0                       ;5.0
236.0  ;Colorado Springs                                                 ;Colorado Springs, Colorado                                 ;Colorado Springs                             ;Colorado             ;38.86730659        ;-104.7572279 ;3.0                         ;4.0                        ;0.0                       ;3.0
186.0  ;Douglasville                                                     ;Douglasville, Georgia                                      ;Douglasville                                 ;Georgia              ;33.71059292        ;-84.71564276 ;4.0                         ;5.0                        ;2.0                       ;6.0
97.0   ;Springwater Trail High School                                    ;Gresham, Oregon                                            ;Gresham                                      ;Oregon               ;45.50216511        ;-122.4412759 ;0.0                         ;0.0                        ;10.0                      ;10.0
84.0   ;Lockheed Martin                                                  ;Meridian, Mississippi                                      ;Meridian                                     ;Mississippi          ;32.38455246        ;-88.68967949 ;6.0                         ;7.0                        ;8.0                       ;14.0
106.0  ;Kirkwood City Hall                                               ;Kirkwood, Missouri                                         ;Kirkwood                                     ;Missouri             ;38.57889169        ;-90.42023754 ;5.0                         ;6.0                        ;2.0                       ;7.0
133.0  ;Sikh Temple in Wisconsin                                         ;Oak Creek, Wisconsin                                       ;Oak Creek                                    ;Wisconsin            ;42.88027442        ;-87.90087079 ;6.0                         ;7.0                        ;4.0                       ;10.0
247.0  ;Chesapeake, Virginia                                             ;Chesapeake, Virginia                                       ;Chesapeake                                   ;Virginia             ;36.7921            ;-76.3293     ;5.0                         ;6.0                        ;0.0                       ;5.0
94.0   ;Duquesne University                                              ;Pittsburgh, Pennsylvania                                   ;Pittsburgh                                   ;Pennsylvania         ;40.43948548        ;-79.97631581 ;0.0                         ;0.0                        ;5.0                       ;5.0
3.0    ;New Orleans Police Shootings                                     ;New Orleans, Louisiana                                     ;New Orleans                                  ;Louisiana            ;30.0687242         ;-89.93147412 ;9.0                         ;10.0                       ;13.0                      ;22.0
256.0  ;Kansas City, Kansas                                              ;Kansas City, Kansas                                        ;Kansas City                                  ;Kansas               ;39.114053          ;-94.627464   ;5.0                         ;5.0                        ;0.0                       ;5.0
245.0  ;San Bernardino, California                                       ;San Bernardino, California                                 ;San Bernardino                               ;California           ;34.13973446        ;-117.2942444 ;14.0                        ;16.0                       ;21.0                      ;35.0
65.0   ;Caltrans Maintenance Yard                                        ;Orange, California                                         ;Orange                                       ;California           ;33.78935598        ;-117.820412  ;4.0                         ;5.0                        ;2.0                       ;6.0
212.0  ;Cleveland                                                        ;Cleveland, Ohio                                            ;Cleveland                                    ;Ohio                 ;41.47657557        ;-81.68051502 ;2.0                         ;3.0                        ;1.0                       ;3.0
311.0  ;Texas family murder-suicide                                      ;Katy, Texas                                                ;Katy                                         ;Texas                ;29.785785          ;-95.824396   ;4.0                         ;4.0                        ;0.0                       ;4.0
86.0   ;Birchwood, Wisconsin                                             ;Birchwood, Wisconsin                                       ;Birchwood                                    ;Wisconsin            ;45.65773714        ;-91.55077175 ;6.0                         ;6.0                        ;2.0                       ;8.0
180.0  ;Omaha                                                            ;Omaha, Nebraska                                            ;Omaha                                        ;Nebraska             ;41.265922          ;-96.05381421 ;3.0                         ;3.0                        ;5.0                       ;8.0
69.0   ;Thurston High School                                             ;Springfield, Oregon                                        ;Springfield                                  ;Oregon               ;44.05489698        ;-123.0075562 ;4.0                         ;4.0                        ;25.0                      ;29.0
48.0   ;Chuck E. Cheese in Aurora                                        ;Aurora, Colorado                                           ;Aurora                                       ;Colorado             ;39.69892933        ;-104.7871863 ;4.0                         ;4.0                        ;1.0                       ;5.0
44.0   ;Weber State University                                           ;Ogden, Utah                                                ;Ogden                                        ;Utah                 ;41.2281367         ;-111.9675317 ;0.0                         ;1.0                        ;3.0                       ;3.0
274.0  ;New Orleans gas station shoot-out                                ;New Orleans, Louisiana                                     ;New Orleans                                  ;Louisiana            ;29.951066          ;-90.071532   ;0.0                         ;0.0                        ;3.0                       ;3.0
259.0  ;Louisville, Kentucky                                             ;Louisville, Kentucky                                       ;Louisville                                   ;Kentucky             ;38.252665          ;-85.758456   ;3.0                         ;4.0                        ;0.0                       ;3.0
131.0  ;University Heights Apartments in Auburn                          ;Auburn, Alabama                                            ;Auburn                                       ;Alabama              ;32.60598014        ;-85.48989253 ;3.0                         ;3.0                        ;3.0                       ;6.0
79.0   ;Navistar International                                           ;Melrose Park, Illinois                                     ;Melrose Park                                 ;Illinois             ;41.90289602        ;-87.8643021  ;5.0                         ;6.0                        ;4.0                       ;9.0
161.0  ;Seattle Pacific University                                       ;Seattle, Washington                                        ;Seattle                                      ;Washington           ;47.621995749999996 ;-122.323646  ;1.0                         ;1.0                        ;2.0                       ;3.0
242.0  ;Columbus, Ohio                                                   ;Columbus, Ohio                                             ;Columbus                                     ;Ohio                 ;39.98861445        ;-82.98904135 ;3.0                         ;4.0                        ;1.0                       ;4.0
298.0  ;Florida Family celebration ends in shooting                      ;Fort Myers, Florida                                        ;Fort Myers                                   ;Florida              ;26.640628          ;-81.872308   ;0.0                         ;0.0                        ;4.0                       ;4.0
218.0  ;Annual motorcycle event in Newark                                ;Newark, New Jersey                                         ;Newark                                       ;New Jersey           ;40.73169648        ;-74.18417699 ;1.0                         ;1.0                        ;3.0                       ;4.0
241.0  ;Tennessee Colony, Texas                                          ;Tennessee Colony, Texas                                    ;Tennessee Colony                             ;Texas                ;31.8076            ;-95.8069     ;6.0                         ;6.0                        ;0.0                       ;6.0
199.0  ;Tulsa                                                            ;Tulsa, Oklahoma                                            ;Tulsa                                        ;Oklahoma             ;36.13543238        ;-95.91316117 ;3.0                         ;4.0                        ;0.0                       ;3.0
157.0  ;San Francisco Tenderloin                                         ;San Francisco, CA                                          ;San Francisco                                ;California           ;37.75457839        ;-122.4424343 ;0.0                         ;0.0                        ;8.0                       ;8.0
114.0  ;Pinelake Health and Rehab nursing home                           ;Carthage, North Carolina                                   ;Carthage                                     ;North Carolina       ;35.33985609        ;-79.41381725 ;8.0                         ;8.0                        ;2.0                       ;10.0
146.0  ;Hialeah Apartments                                               ;Hialeah, Florida                                           ;Hialeah                                      ;Florida              ;25.85294547        ;-80.28316975 ;6.0                         ;7.0                        ;0.0                       ;6.0
1.0    ;University of Texas at Austin                                    ;Austin, Texas                                              ;Austin                                       ;Texas                ;30.1988873         ;-97.84415949 ;16.0                        ;17.0                       ;32.0                      ;48.0
120.0  ;Tucson, Arizona                                                  ;Tucson, Arizona                                            ;Tucson                                       ;Arizona              ;32.15358905        ;-110.9677647 ;6.0                         ;6.0                        ;13.0                      ;19.0
9.0    ;University of South Carolina                                     ;Columbia, South Carolina                                   ;Columbia                                     ;South Carolina       ;34.05098834        ;-80.82077527 ;2.0                         ;2.0                        ;5.0                       ;7.0
163.0  ;Bourbon Street New Orleans                                       ;New Orleans, Louisiana                                     ;New Orleans                                  ;Louisiana            ;30.0687242         ;-89.93147412 ;1.0                         ;1.0                        ;9.0                       ;10.0
262.0  ;Louisburg, North Carolina                                        ;Louisburg, North Carolina                                  ;Louisburg                                    ;North Carolina       ;36.099039          ;-78.301106   ;3.0                         ;3.0                        ;0.0                       ;3.0
121.0  ;Youngstown State University                                      ;Youngstown, Ohio                                           ;Youngstown                                   ;Ohio                 ;41.09933958        ;-80.64631705 ;1.0                         ;1.0                        ;11.0                      ;12.0
153.0  ;Tyler Courthouse                                                 ;Tyler, Texas                                               ;Tyler                                        ;Texas                ;32.3154272         ;-95.30501087 ;2.0                         ;3.0                        ;4.0                       ;6.0
235.0  ;Colerain Township, Ohio                                          ;Colerain Township, Ohio                                    ;Township of Colerain                         ;Ohio                 ;39.253268          ;-84.599655   ;2.0                         ;2.0                        ;1.0                       ;3.0
101.0  ;South Middle School Football Game                                ;Saginaw, Michigan                                          ;Saginaw                                      ;Michigan             ;43.41929117        ;-83.95032759 ;0.0                         ;0.0                        ;4.0                       ;4.0
164.0  ;Albuquerque Auto Shop                                            ;Albuquerque, New Mexico                                    ;Albuquerque                                  ;New Mexico           ;35.15290522        ;-106.7791378 ;1.0                         ;2.0                        ;3.0                       ;4.0
145.0  ;Santa Monica College                                             ;Santa Monica, California                                   ;Santa Monica                                 ;California           ;34.02319149        ;-118.4815644 ;5.0                         ;6.0                        ;3.0                       ;8.0
72.0   ;Heritage High School                                             ;Conyers, Georgia                                           ;Conyers                                      ;Georgia              ;33.66086267        ;-84.02688527 ;0.0                         ;0.0                        ;6.0                       ;6.0
270.0  ;Perris, CA Mexican restaurant shooting                           ;Perris, California                                         ;Perris                                       ;California           ;33.782519          ;-117.228648  ;1.0                         ;1.0                        ;4.0                       ;5.0
249.0  ;Iuka, Mississippi                                                ;Iuka, Mississippi                                          ;Iuka                                         ;Mississippi          ;34.7404            ;-88.1383     ;1.0                         ;2.0                        ;3.0                       ;4.0
87.0   ;Damageplan show at the Alrosa Villa Nightclub                    ;Columbus, Ohio                                             ;Columbus                                     ;Ohio                 ;39.98861445        ;-82.98904135 ;4.0                         ;5.0                        ;7.0                       ;11.0
152.0  ;Wat Promkunaram Buddhist Temple                                  ;Phoenix, Arizona                                           ;Phoenix                                      ;Arizona              ;33.57145875        ;-112.0904854 ;9.0                         ;9.0                        ;0.0                       ;9.0
143.0  ;Pinewood Village Apartments                                      ;Federal Way, Washington                                    ;Federal Way                                  ;Washington           ;47.30909721        ;-122.3357553 ;4.0                         ;5.0                        ;0.0                       ;4.0
214.0  ;Deer Lodge                                                       ;Deer Lodge, Montana                                        ;Deer Lodge                                   ;Montana              ;46.39761858        ;-112.7329333 ;4.0                         ;5.0                        ;0.0                       ;4.0
33.0   ;University of Iowa                                               ;Iowa City, Iowa                                            ;Iowa City                                    ;Iowa                 ;41.65589405        ;-91.53117986 ;5.0                         ;6.0                        ;1.0                       ;6.0
18.0   ;Atlanta Post Office                                              ;Atlanta, Georgia                                           ;Atlanta                                      ;Georgia              ;33.7629969         ;-84.4231328  ;2.0                         ;2.0                        ;1.0                       ;3.0
100.0  ;SuccessTech Academy                                              ;Cleveland, Ohio                                            ;Cleveland                                    ;Ohio                 ;41.47657557        ;-81.68051502 ;0.0                         ;1.0                        ;4.0                       ;4.0
29.0   ;Cleveland Elementary School                                      ;Stockton, California                                       ;Stockton                                     ;California           ;37.96631812        ;-121.3018775 ;5.0                         ;6.0                        ;30.0                      ;35.0
187.0  ;McAvan's Pub                                                     ;Syracuse, New York                                         ;Syracuse                                     ;New York             ;43.04093416        ;-76.14376763 ;0.0                         ;0.0                        ;6.0                       ;6.0
34.0   ;Ridgewood Post Office                                            ;Ridgewood, New Jersey                                      ;Ridgewood                                    ;New Jersey           ;40.98213277        ;-74.11264731 ;3.0                         ;3.0                        ;0.0                       ;3.0
240.0  ;Jacksonville, Florida                                            ;Jacksonville, Florida                                      ;Jacksonville                                 ;Florida              ;30.33216122        ;-81.67576993 ;3.0                         ;4.0                        ;1.0                       ;4.0
295.0  ;Trenton, NJ sidewalk shooting                                    ;Trenton, New Jersey                                        ;Trenton                                      ;New Jersey           ;40.217053          ;-74.742938   ;0.0                         ;0.0                        ;5.0                       ;5.0
239.0  ;Waycross, GA                                                     ;Waycross, Georgia                                          ;Waycross                                     ;Georgia              ;31.21094544        ;-82.35793452 ;1.0                         ;1.0                        ;2.0                       ;3.0
202.0  ;Rome                                                             ;Rome, Georgia                                              ;Rome                                         ;Georgia              ;34.26779152        ;-85.18822422 ;1.0                         ;1.0                        ;3.0                       ;4.0
158.0  ;Fort Hood                                                        ;Killeen, Texas                                             ;Killeen                                      ;Texas                ;31.07925506        ;-97.73392317 ;3.0                         ;4.0                        ;16.0                      ;19.0
182.0  ;Monroeville Macy's                                               ;Monroeville, Pennsylvania                                  ;Monroeville                                  ;Pennsylvania         ;40.4257455         ;-79.76092565 ;0.0                         ;0.0                        ;3.0                       ;3.0
6.0    ;Los Angeles Computer Learning Center                             ;Los Angeles, California                                    ;Los Angeles                                  ;California           ;34.17622092        ;-118.5399542 ;1.0                         ;1.0                        ;7.0                       ;8.0
312.0  ;Alabama highway random shooting                                  ;Brooksville, Alabama                                       ;Brooksville                                  ;Alabama              ;34.16204           ;-86.475543   ;0.0                         ;1.0                        ;4.0                       ;4.0
263.0  ;Richmond, Virginia                                               ;Richmond, Virginia                                         ;Richmond                                     ;Virginia             ;37.540725          ;-77.436048   ;1.0                         ;2.0                        ;2.0                       ;3.0
211.0  ;Club Maxey's                                                     ;Decatur, Illinois                                          ;Decatur                                      ;Illinois             ;39.85566372        ;-88.93346458 ;1.0                         ;1.0                        ;4.0                       ;5.0
112.0  ;Geneva County, Alabama                                           ;Geneva, Alabama                                            ;Geneva                                       ;Alabama              ;31.04367594        ;-85.8763466  ;10.0                        ;11.0                       ;6.0                       ;16.0
50.0   ;Residence in Union, Kentucky                                     ;Union, Kentucky                                            ;Union                                        ;Kentucky             ;38.95130818        ;-84.67066339 ;4.0                         ;4.0                        ;0.0                       ;4.0
155.0  ;Los Angeles International Airport (LAX)                          ;Los Angeles, California                                    ;Los Angeles                                  ;California           ;34.17622092        ;-118.5399542 ;1.0                         ;1.0                        ;3.0                       ;4.0
70.0   ;Riverside City Hall                                              ;Riverside, California                                      ;Riverside                                    ;California           ;33.93814348        ;-117.3948409 ;0.0                         ;0.0                        ;6.0                       ;6.0
127.0  ;Chardon High School                                              ;Chardon, Ohio                                              ;Chardon                                      ;Ohio                 ;41.58025541        ;-81.20812625 ;3.0                         ;3.0                        ;3.0                       ;6.0
117.0  ;Parkland Coffee Shop                                             ;Lakewood, Washington                                       ;Lakewood                                     ;Washington           ;47.16267579        ;-122.5296574 ;4.0                         ;5.0                        ;0.0                       ;4.0
108.0  ;Atlantis Plastics                                                ;Henderson, Kentucky                                        ;Henderson                                    ;Kentucky             ;37.84040411        ;-87.57853755 ;6.0                         ;7.0                        ;1.0                       ;7.0
92.0   ;Essex Elementary School                                          ;Essex Junction, Vermont                                    ;Essex Junction                               ;Vermont              ;44.49022039        ;-73.11400628 ;2.0                         ;2.0                        ;2.0                       ;4.0
55.0   ;Walter Rossler Company                                           ;Corpus Christi, Texas                                      ;Corpus Christi                               ;Texas                ;27.73907518        ;-97.43073352 ;5.0                         ;6.0                        ;0.0                       ;5.0
47.0   ;Long Island Rail Road Commuter Train                             ;Garden City, New York                                      ;Garden City                                  ;New York             ;40.72662266        ;-73.644712   ;6.0                         ;6.0                        ;19.0                      ;25.0
248.0  ;Orlando, Florida                                                 ;Orlando, Florida                                           ;Orlando                                      ;Florida              ;28.4541            ;-81.4646     ;2.0                         ;2.0                        ;10.0                      ;12.0
41.0   ;Offices of Pettit & Martin in San Francisco                      ;San Francisco, California                                  ;San Francisco                                ;California           ;37.75457839        ;-122.4424343 ;8.0                         ;9.0                        ;6.0                       ;14.0
314.0  ;Halifax County, VA                                               ;Halifax, Virginia                                          ;Halifax                                      ;Virginia             ;36.765971          ;-78.928344   ;0.0                         ;0.0                        ;6.0                       ;6.0
19.0   ;New York Technical College                                       ;Brooklyn, New York                                         ;Brooklyn                                     ;New York             ;40.679276          ;-73.939513   ;1.0                         ;1.0                        ;4.0                       ;5.0
178.0  ;LaGrange                                                         ;LaGrange, Georgia                                          ;LaGrange                                     ;Georgia              ;33.03607062        ;-85.0287065  ;5.0                         ;5.0                        ;0.0                       ;5.0
67.0   ;Westside Middle School                                           ;Jonesboro, Arkansas                                        ;Jonesboro                                    ;Arkansas             ;35.82083155        ;-90.67950058 ;5.0                         ;5.0                        ;10.0                      ;15.0
132.0  ;Movie Theater in Aurora                                          ;Denver, Colorado                                           ;Denver                                       ;Colorado             ;39.72941874        ;-104.9825207 ;12.0                        ;12.0                       ;58.0                      ;70.0
45.0   ;Luigi's Restaurant in Fayetteville                               ;Fayetteville, North Carolina                               ;Fayetteville                                 ;North Carolina       ;35.07997086        ;-79.03796125 ;4.0                         ;4.0                        ;8.0                       ;12.0
273.0  ;Glendale, AZ House Party shooting                                ;Glendale, Arizona                                          ;Glendale                                     ;Arizona              ;33.538652          ;-112.185987  ;3.0                         ;3.0                        ;5.0                       ;8.0
136.0  ;Azana Spa in Brookfield                                          ;Brookfield, Wisconsin                                      ;Brookfield                                   ;Wisconsin            ;43.06396691        ;-88.12299758 ;3.0                         ;4.0                        ;4.0                       ;7.0
40.0   ;Simon's Rock College of Bard                                     ;Great Barrington, Massachusetts                            ;Great Barrington                             ;Massachusetts        ;42.19358268        ;-73.36216339 ;2.0                         ;2.0                        ;4.0                       ;6.0
62.0   ;Pearl High School                                                ;Pearl, Mississippi                                         ;Pearl                                        ;Mississippi          ;32.27492783        ;-90.09470655 ;2.0                         ;2.0                        ;7.0                       ;9.0
251.0  ;Glendale, Arizona                                                ;Glendale, Arizona                                          ;Glendale                                     ;Arizona              ;33.5927            ;-112.163     ;4.0                         ;5.0                        ;0.0                       ;4.0
257.0  ;Pittsburgh, Pennsylvania                                         ;Pittsburgh, Pennsylvania                                   ;Pittsburgh                                   ;Pennsylvania         ;40.440625          ;-79.995886   ;6.0                         ;6.0                        ;3.0                       ;9.0
128.0  ;Oikos University                                                 ;Oakland, California                                        ;Oakland                                      ;California           ;37.79176806        ;-122.2153171 ;7.0                         ;7.0                        ;3.0                       ;10.0
290.0  ;Chelsea, MA empty apartment party shooting                       ;Chelsea, Massachusetts                                     ;Chelsea                                      ;Massachusetts        ;42.391764          ;-71.032828   ;1.0                         ;1.0                        ;6.0                       ;7.0
285.0  ;Arizona Family Murder                                            ;Phoenix, Arizona                                           ;Phoenix                                      ;Arizona              ;33.448377          ;-112.074037  ;4.0                         ;5.0                        ;0.0                       ;4.0
166.0  ;Florida State University                                         ;Tallahassee, Florida                                       ;Tallahassee                                  ;Florida              ;30.4549394         ;-84.25264151 ;0.0                         ;1.0                        ;3.0                       ;3.0
76.0   ;Fort Gibson Middle School                                        ;Fort Gibson, Oklahoma                                      ;Fort Gibson                                  ;Oklahoma             ;35.77669911        ;-95.25996596 ;0.0                         ;0.0                        ;4.0                       ;4.0
22.0   ;Palm Bay Shopping Centers                                        ;Palm Bay, Florida                                          ;Palm Bay                                     ;Florida              ;27.98388983        ;-80.66662713 ;6.0                         ;6.0                        ;14.0                      ;20.0
254.0  ;Woodbridge, Virginia                                             ;Woodbridge,  Virginia                                      ;Woodbridge                                   ;Virginia             ;38.6697            ;-77.3524     ;2.0                         ;2.0                        ;2.0                       ;4.0
284.0  ;Houston Drive-by                                                 ;Houston, Texas                                             ;Houston                                      ;Texas                ;29.760427          ;-95.369803   ;0.0                         ;0.0                        ;5.0                       ;5.0
160.0  ;Isla Vista                                                       ;Isla Vista, California                                     ;Isla Vista                                   ;California           ;34.4145857         ;-119.8581209 ;3.0                         ;7.0                        ;7.0                       ;10.0
93.0   ;Orange High School                                               ;Hillsborough, North Carolina                               ;Hillsborough                                 ;North Carolina       ;36.04099857        ;-79.09701201 ;1.0                         ;1.0                        ;2.0                       ;3.0
85.0   ;Windy City Core Supply Warehouse                                 ;Chicago, Illinois                                          ;Chicago                                      ;Illinois             ;41.83928045        ;-87.68818145 ;6.0                         ;7.0                        ;0.0                       ;6.0
81.0   ;Appalachian School of Law                                        ;Grundy, Virginia                                           ;Grundy                                       ;Virginia             ;37.27537712        ;-82.09877234 ;3.0                         ;3.0                        ;3.0                       ;6.0
173.0  ;Moscow                                                           ;Moscow, Idaho                                              ;Moscow                                       ;Idaho                ;46.73059479        ;-116.9990042 ;3.0                         ;3.0                        ;1.0                       ;4.0
88.0   ;Living Church of God                                             ;Brookfield, Wisconsin                                      ;Brookfield                                   ;Wisconsin            ;43.06396691        ;-88.12299758 ;7.0                         ;8.0                        ;4.0                       ;11.0
201.0  ;Indianapolis                                                     ;Indianapolis, Indiana                                      ;Indianapolis                                 ;Indiana              ;39.77725479        ;-86.14635359 ;0.0                         ;0.0                        ;5.0                       ;5.0
203.0  ;Phoenix                                                          ;Phoenix, Arizona                                           ;Phoenix                                      ;Arizona              ;33.57145875        ;-112.0904854 ;4.0                         ;5.0                        ;0.0                       ;4.0
280.0  ;Vallejo, CA car shooting                                         ;Vallejo, California                                        ;Vallejo                                      ;California           ;38.104086          ;-122.256637  ;2.0                         ;2.0                        ;2.0                       ;4.0
105.0  ;Carnation, Washington                                            ;Carnation, Washington                                      ;Carnation                                    ;Washington           ;47.64628742        ;-121.9088524 ;6.0                         ;6.0                        ;0.0                       ;6.0
31.0   ;Standard Gravure Corporation                                     ;Louisville, Kentucky                                       ;Louisville                                   ;Kentucky             ;38.249432          ;-85.726243   ;8.0                         ;9.0                        ;12.0                      ;20.0
156.0  ;Homes in Desoto and Dallas                                       ;Dallas, Texas                                              ;Dallas                                       ;Texas                ;32.79480596        ;-96.76631094 ;4.0                         ;4.0                        ;4.0                       ;8.0
17.0   ;Goddard Junior High School                                       ;Goddard, Kansas                                            ;Goddard                                      ;Kansas               ;37.67129418        ;-97.55070476 ;1.0                         ;1.0                        ;3.0                       ;4.0
288.0  ;Riverside restaurant shooting                                    ;Jurupa Valley, California                                  ;Jurupa Valley                                ;California           ;33.997197          ;-117.48548   ;1.0                         ;1.0                        ;3.0                       ;4.0
129.0  ;North Tulsa, Oklahoma                                            ;Tulsa, Oklahoma                                            ;Tulsa                                        ;Oklahoma             ;36.13543238        ;-95.91316117 ;3.0                         ;3.0                        ;2.0                       ;5.0
135.0  ;The Spot Nightclub                                               ;Miami, Florida                                             ;Miami                                        ;Florida              ;25.79653943        ;-80.20840397 ;0.0                         ;0.0                        ;15.0                      ;15.0
38.0   ;Palo Duro High School                                            ;Amarillo, Texas                                            ;Amarillo                                     ;Texas                ;35.18322484        ;-101.8805688 ;0.0                         ;0.0                        ;6.0                       ;6.0
246.0  ;Omaha, Nebraska                                                  ;Omaha, Nebraska                                            ;Omaha                                        ;Nebraska             ;41.3138            ;-96.0814     ;2.0                         ;2.0                        ;3.0                       ;5.0
24.0   ;Electromagnetic Systems Laboratory (ESL)                         ;Sunnyvale, California                                      ;Sunnyvale                                    ;California           ;37.38344257        ;-122.0256185 ;7.0                         ;7.0                        ;4.0                       ;11.0
11.0   ;Welding shop in Miami                                            ;Miami, Florida                                             ;Miami                                        ;Florida              ;25.79653943        ;-80.20840397 ;8.0                         ;9.0                        ;3.0                       ;11.0
225.0  ;Houston, Texas                                                   ;Houston, Texas                                             ;Houston                                      ;Texas                ;29.79705548        ;-95.36763856 ;8.0                         ;8.0                        ;0.0                       ;8.0
279.0  ;Michigan school shooting                                         ;Muskegon Heights, Michigan                                 ;Muskegon Heights                             ;Michigan             ;43.201126          ;-86.238946   ;0.0                         ;0.0                        ;3.0                       ;3.0
35.0   ;Luby's Cafeteria in Killeen, Texas                               ;Killeen, Texas                                             ;Killeen                                      ;Texas                ;31.07925506        ;-97.73392317 ;23.0                        ;24.0                       ;20.0                      ;43.0
113.0  ;Rivermark, Santa Clara, California                               ;Santa Clara, California                                    ;Santa Clara                                  ;California           ;37.36463172        ;-121.9679315 ;5.0                         ;6.0                        ;1.0                       ;6.0
195.0  ;Cottonwood                                                       ;Cottonwood, Alabama                                        ;Cottonwood                                   ;Alabama              ;31.0549687         ;-85.30100084 ;2.0                         ;3.0                        ;1.0                       ;3.0
90.0   ;Goleta Post Office                                               ;Goleta, California                                         ;Goleta                                       ;California           ;34.43606107        ;-119.8593619 ;7.0                         ;8.0                        ;0.0                       ;7.0
204.0  ;Killeen                                                          ;Killeen, Texas                                             ;Killeen                                      ;Texas                ;31.07925506        ;-97.73392317 ;2.0                         ;2.0                        ;3.0                       ;5.0
303.0  ;Sherman, TX Family murder-suicide                                ;Sherman, Texas                                             ;Sherman                                      ;Texas                ;33.635661999999996 ;-96.60888    ;3.0                         ;4.0                        ;0.0                       ;3.0
305.0  ;Albuquerque, NM Family restaurant shooting                       ;Albuquerque, New Mexico                                    ;Albuquerque                                  ;New Mexico           ;35.085334          ;-106.605553  ;2.0                         ;3.0                        ;1.0                       ;3.0
68.0   ;Parker Middle School Dance                                       ;Edinboro, Pennsylvania                                     ;Edinboro                                     ;Pennsylvania         ;41.87617136        ;-80.12459632 ;1.0                         ;1.0                        ;3.0                       ;4.0
91.0   ;Party in Capitol Hill, Seattle                                   ;Seattle, Washington                                        ;Seattle                                      ;Washington           ;47.621995749999996 ;-122.323646  ;6.0                         ;7.0                        ;2.0                       ;8.0
32.0   ;GMAC Loan Office                                                 ;Jacksonville, Florida                                      ;Jacksonville                                 ;Florida              ;30.33216122        ;-81.67576993 ;11.0                        ;12.0                       ;6.0                       ;17.0
168.0  ;Ensley Birmingham                                                ;Birmingham, Alabama                                        ;Birmingham                                   ;Alabama              ;33.5282865         ;-86.79550448 ;5.0                         ;5.0                        ;0.0                       ;5.0
59.0   ;San Diego State University                                       ;San Diego, California                                      ;San Diego                                    ;California           ;32.86357277        ;-117.1281628 ;3.0                         ;3.0                        ;0.0                       ;3.0
269.0  ;Los Angeles Drive-by                                             ;Los Angeles, California                                    ;Los Angeles                                  ;California           ;34.052234          ;-118.243685  ;2.0                         ;2.0                        ;2.0                       ;4.0
282.0  ;Kalamazoo Uber Driver Spree Killing                              ;Kalamazoo , Michigan                                       ;Kalamazoo                                    ;Michigan             ;42.291707          ;-85.587229   ;6.0                         ;6.0                        ;2.0                       ;8.0
159.0  ;Kennesaw FedEx                                                   ;Kennesaw, Georgia                                          ;Kennesaw                                     ;Georgia              ;34.02529674        ;-84.61766831 ;0.0                         ;1.0                        ;6.0                       ;6.0
25.0   ;Hubbard Woods Elementary School                                  ;Winnetka, Illinois                                         ;Winnetka                                     ;Illinois             ;42.10648807        ;-87.74211141 ;1.0                         ;2.0                        ;7.0                       ;8.0
308.0  ;Memphis, TN gas station shooting                                 ;Memphis, Tennessee                                         ;Memphis                                      ;Tennessee            ;35.149534          ;-90.04898    ;0.0                         ;0.0                        ;4.0                       ;4.0
287.0  ;Detroit Strip Club Shootout                                      ;Detroit, Michigan                                          ;Detroit                                      ;Michigan             ;42.331427          ;-83.045754   ;0.0                         ;0.0                        ;5.0                       ;5.0
165.0  ;Marysville-Pilchuck High School                                  ;Marysville, Washington                                     ;Marysville                                   ;Washington           ;48.04802409        ;-122.1359622 ;4.0                         ;5.0                        ;1.0                       ;5.0
78.0   ;Edgewater Technology                                             ;Wakefield, Boston, Massachusetts                           ;Boston                                       ;Massachusetts        ;42.30904091        ;-71.10271358 ;7.0                         ;7.0                        ;0.0                       ;7.0
306.0  ;Chicago Birthday Party Bus Shooting                              ;Chicago, Illinois                                          ;Chicago                                      ;Illinois             ;41.878114          ;-87.629798   ;0.0                         ;0.0                        ;5.0                       ;5.0
63.0   ;Heath High School                                                ;West Paducah, Kentucky                                     ;West Paducah                                 ;Kentucky             ;37.08506           ;-88.74422    ;3.0                         ;3.0                        ;5.0                       ;8.0
268.0  ;Florida family murder                                            ;Crestview, Florida                                         ;Crestview                                    ;Florida              ;30.754181          ;-86.572799   ;3.0                         ;3.0                        ;0.0                       ;3.0
198.0  ;Panama City Beach                                                ;Panama City Beach, Florida                                 ;Panama City Beach                            ;Florida              ;30.22540212        ;-85.87371301 ;0.0                         ;0.0                        ;7.0                       ;7.0
20.0   ;Post office in Edmond, Oklahoma                                  ;Edmond, Oklahoma                                           ;Edmond                                       ;Oklahoma             ;35.66889223        ;-97.41438792 ;14.0                        ;15.0                       ;6.0                       ;20.0
83.0   ;Case Western Reserve University                                  ;Cleveland, Ohio                                            ;Cleveland                                    ;Ohio                 ;41.47657557        ;-81.68051502 ;1.0                         ;1.0                        ;2.0                       ;3.0
140.0  ;Phoenix Law Firm                                                 ;Phoenix, Arizona                                           ;Phoenix                                      ;Arizona              ;33.57145875        ;-112.0904854 ;2.0                         ;3.0                        ;1.0                       ;3.0
43.0   ;Dana Point Post Office                                           ;Dana Point, California                                     ;Dana Point                                   ;California           ;33.47316083        ;-117.696399  ;1.0                         ;1.0                        ;5.0                       ;6.0
167.0  ;Cedarville Rancheria Tribe                                       ;Alturas, California                                        ;Alturas                                      ;California           ;41.4911123         ;-120.549091  ;4.0                         ;4.0                        ;2.0                       ;6.0
66.0   ;Connecticut State Lottery Headquarters                           ;Newington, Connecticut                                     ;Newington                                    ;Connecticut          ;41.68700845        ;-72.73083927 ;4.0                         ;5.0                        ;0.0                       ;4.0
102.0  ;Westroads Mall                                                   ;Omaha, Nebraska                                            ;Omaha                                        ;Nebraska             ;41.265922          ;-96.05381421 ;8.0                         ;9.0                        ;4.0                       ;12.0
110.0  ;University of Central Arkansas                                   ;Conway, Arkansas                                           ;Conway                                       ;Arkansas             ;35.08130744        ;-92.43278275 ;2.0                         ;0.0                        ;1.0                       ;3.0
226.0  ;Parking lot near Boys and Girls Club                             ;Rochester, New York                                        ;Rochester                                    ;New York             ;43.1696837         ;-77.614337   ;3.0                         ;3.0                        ;4.0                       ;7.0
261.0  ;Lawrenceburg, Tennessee                                          ;Lawrenceburg, Tennessee                                    ;Lawrenceburg                                 ;Tennessee            ;35.242302          ;-87.334739   ;1.0                         ;2.0                        ;2.0                       ;3.0
307.0  ;Albuquerque, NM House party shooting                             ;Albuquerque, New Mexico                                    ;Albuquerque                                  ;New Mexico           ;35.085334          ;-106.605553  ;0.0                         ;0.0                        ;4.0                       ;4.0
52.0   ;Wickliffe Middle School                                          ;Wickliffe, Ohio                                            ;Wickliffe                                    ;Ohio                 ;41.60713735        ;-81.46902046 ;1.0                         ;1.0                        ;3.0                       ;4.0
13.0   ;Johnston Post Office                                             ;Johnston, South Carolina                                   ;Johnston                                     ;South Carolina       ;33.83272887        ;-81.8051584  ;1.0                         ;1.0                        ;3.0                       ;4.0
238.0  ;Inglis, Florida                                                  ;Inglis, Florida                                            ;Inglis                                       ;Florida              ;29.03270634        ;-82.65919302 ;2.0                         ;3.0                        ;1.0                       ;3.0
185.0  ;Morgantown                                                       ;Morgantown, West Virginia                                  ;Morgantown                                   ;West Virginia        ;39.63400851        ;-79.94839325 ;4.0                         ;5.0                        ;0.0                       ;4.0
228.0  ;Bristol, Tennessee                                               ;Bristol, Tennessee                                         ;Bristol                                      ;Tennessee            ;36.55605824        ;-82.21429551 ;3.0                         ;3.0                        ;1.0                       ;4.0
4.0    ;Clara Barton Elementary School                                   ;Chicago, Illinois                                          ;Chicago                                      ;Illinois             ;41.83928045        ;-87.68818145 ;1.0                         ;1.0                        ;3.0                       ;4.0
71.0   ;Columbine High School                                            ;Littleton, Colorado                                        ;Littleton                                    ;Colorado             ;39.59358263        ;-105.0152112 ;13.0                        ;15.0                       ;24.0                      ;37.0
16.0   ;McDonald's restaurant in San Ysidro                              ;San Ysidro, California                                     ;San Ysidro                                   ;California           ;32.555556          ;-117.047656  ;21.0                        ;22.0                       ;19.0                      ;40.0
116.0  ;Fort Hood Army Base                                              ;Fort Hood, Texas                                           ;Fort Hood                                    ;Texas                ;31.13814354        ;-97.77797804 ;13.0                        ;13.0                       ;32.0                      ;45.0
58.0   ;Fort Lauderdale City Parks Office                                ;Fort Lauderdale, Florida                                   ;Fort Lauderdale                              ;Florida              ;26.11737018        ;-80.14865708 ;6.0                         ;7.0                        ;0.0                       ;6.0
297.0  ;Elberton, Georgia murder-suicide                                 ;Elberton, Georgia                                          ;Elberton                                     ;Georgia              ;34.111223          ;-82.867084   ;1.0                         ;2.0                        ;2.0                       ;3.0
264.0  ;Residence in Lakeland, Florida                                   ;Lakeland, Florida                                          ;Lakeland                                     ;Florida              ;28.039465          ;-81.949804   ;3.0                         ;3.0                        ;1.0                       ;4.0
265.0  ;Roadside in Memphis, Tennessee                                   ;Memphis, Tennessee                                         ;Memphis                                      ;Tennessee            ;35.149534          ;-90.04898    ;1.0                         ;1.0                        ;3.0                       ;4.0
49.0   ;Chelsea High School                                              ;Chelsea, Michigan                                          ;Chelsea                                      ;Michigan             ;42.31319376        ;-84.01868108 ;1.0                         ;1.0                        ;2.0                       ;3.0
189.0  ;Killeen                                                          ;Killeen, Texas                                             ;Killeen                                      ;Texas                ;31.07925506        ;-97.73392317 ;3.0                         ;4.0                        ;1.0                       ;4.0
296.0  ;Detroit Drive-by                                                 ;Detroit, Michigan                                          ;Detroit                                      ;Michigan             ;42.331427          ;-83.045754   ;2.0                         ;2.0                        ;2.0                       ;4.0
215.0  ;Mother Emanuel AME Church                                        ;Charleston, South Carolina                                 ;Charleston                                   ;South Carolina       ;32.8129729         ;-79.96693995 ;9.0                         ;9.0                        ;0.0                       ;9.0
230.0  ;Platte, South Dakota                                             ;Platte, South Dakota                                       ;Platte                                       ;South Dakota         ;43.38682722        ;-98.84357239 ;5.0                         ;6.0                        ;0.0                       ;5.0
73.0   ;Offices of All-Tech Investment Group and Momentum Securities     ;Atlanta, Georgia                                           ;Atlanta                                      ;Georgia              ;33.7629969         ;-84.4231328  ;9.0                         ;10.0                       ;12.0                      ;21.0
125.0  ;Salon Meritage                                                   ;Seal Beach, California                                     ;Seal Beach                                   ;California           ;33.75432632        ;-118.0715378 ;8.0                         ;8.0                        ;1.0                       ;9.0
292.0  ;Lafayette, LA drive by                                           ;Lafayette, Louisiana                                       ;Lafayette                                    ;Louisiana            ;30.22409           ;-92.019843   ;0.0                         ;0.0                        ;4.0                       ;4.0